Image,Detector,Num_Features,Mean_Response,Var_Response,Spread_X,Spread_Y,Parameters
checkerboard,Harris,1225,87110368.0,0.0,50.0199960015992,50.0199960015992,"blockSize=2, ksize=3, k=0.04"
astronaut,Harris,5942,9795292.0,194241389133824.0,109.96016660611849,112.90868644077362,"blockSize=2, ksize=3, k=0.04"
checkerboard,SIFT,134,0.1284626437656915,3.248160088073688e-05,44.02744968791769,44.02745441355016,nfeatures=500
astronaut,SIFT,500,0.0523876289203763,0.0002491356024331857,124.51765395772644,138.34604218749698,nfeatures=500
checkerboard,FAST,196,79.0,0.0,50.02249493977684,50.02249493977684,"threshold=20, nonmaxSuppression=True"
astronaut,FAST,1872,43.69284188034188,724.4008461972204,104.41564731188902,145.9787217380025,"threshold=20, nonmaxSuppression=True"
